{
  "tag": "test",
  "n": 479,
  "deploy_profile": "balanced",
  "deploy_metrics": {
    "accuracy": 0.8079331941544885,
    "precision": 0.7552447552447552,
    "recall": 0.907563025210084,
    "f1": 0.8244274809160306,
    "roc_auc": 0.9072143380173646,
    "threshold": 0.315,
    "confusion_matrix": [
      [
        171,
        70
      ],
      [
        22,
        216
      ]
    ]
  },
  "metrics_by_profile": {
    "balanced": {
      "accuracy": 0.8079331941544885,
      "precision": 0.7552447552447552,
      "recall": 0.907563025210084,
      "f1": 0.8244274809160306,
      "roc_auc": 0.9072143380173646,
      "threshold": 0.315,
      "confusion_matrix": [
        [
          171,
          70
        ],
        [
          22,
          216
        ]
      ]
    },
    "high_recall": {
      "accuracy": 0.6889352818371608,
      "precision": 0.6155844155844156,
      "recall": 0.9957983193277311,
      "f1": 0.7608346709470305,
      "roc_auc": 0.9072143380173646,
      "threshold": 0.045000000000000005,
      "confusion_matrix": [
        [
          93,
          148
        ],
        [
          1,
          237
        ]
      ]
    },
    "high_precision": {
      "accuracy": 0.7453027139874739,
      "precision": 0.967741935483871,
      "recall": 0.5042016806722689,
      "f1": 0.6629834254143646,
      "roc_auc": 0.9072143380173646,
      "threshold": 0.9550000000000001,
      "confusion_matrix": [
        [
          237,
          4
        ],
        [
          118,
          120
        ]
      ]
    }
  },
  "threshold_profiles": {
    "balanced": 0.315,
    "high_recall": 0.045000000000000005,
    "high_precision": 0.9550000000000001
  }
}